;FTI Report
;Interfaces   Internal/External
;Author       Author
;Version      Version
;Date         24 Aug 2012 16:20:54 

_SSPC__Pull_0                           , 001028A000000000,    32, FFFFFFFF 
_SSPC__Pull_1                           , 001028A400000000,    32, FFFFFFFF 
_SSPC__Pull_2                           , 001028A800000000,    32, FFFFFFFF 
_SSPC__Pull_3                           , 001028AC00000000,    32, FFFFFFFF 
_SSPC__Pull_4                           , 001028B000000000,    32, FFFFFFFF 
_SSPC__Pull_5                           , 001028B400000000,    32, FFFFFFFF 
_SSPC__Pull_6                           , 001028B800000000,    32, FFFFFFFF 
_SSPC__Pull_7                           , 001028BC00000000,    32, FFFFFFFF 
_SSPC__Pull_8                           , 001028C000000000,    32, FFFFFFFF 
_SSPC__Pull_9                           , 001028C400000000,    32, FFFFFFFF 
_SSPC__Pull_10                          , 001028C800000000,    32, FFFFFFFF 
_SSPC__Pull_11                          , 001028CC00000000,    32, FFFFFFFF 
_SSPC__Pull_12                          , 001028D000000000,    32, FFFFFFFF 
_SSPC__Pull_13                          , 001028D400000000,    32, FFFFFFFF 
_SSPC__Pull_14                          , 001028D800000000,    32, FFFFFFFF 
_SSPC__Pull_15                          , 001028DC00000000,    32, FFFFFFFF 
_SSPC__Pull_16                          , 001028E000000000,    32, FFFFFFFF 
_SSPC__Pull_17                          , 001028E400000000,    32, FFFFFFFF 
_SSPC__Pull_18                          , 001028E800000000,    32, FFFFFFFF 
_SSPC__Pull_19                          , 001028EC00000000,    32, FFFFFFFF 
_SSPC__Pull_20                          , 001028F000000000,    32, FFFFFFFF 
_SSPC__Pull_21                          , 001028F400000000,    32, FFFFFFFF 
_SSPC__Pull_22                          , 001028F800000000,    32, FFFFFFFF 
_SSPC__Pull_23                          , 001028FC00000000,    32, FFFFFFFF 
_SSPC__Pull_24                          , 0010290000000000,    32, FFFFFFFF 
_SSPC__Pull_25                          , 0010290400000000,    32, FFFFFFFF 
_SSPC__Pull_26                          , 0010290800000000,    32, FFFFFFFF 
_SSPC__Pull_27                          , 0010290C00000000,    32, FFFFFFFF 
_SSPC__Pull_28                          , 0010291000000000,    32, FFFFFFFF 
_SSPC__Pull_29                          , 0010291400000000,    32, FFFFFFFF 
_SSPC__Pull_30                          , 0010291800000000,    32, FFFFFFFF 
_SSPC__Pull_31                          , 0010291C00000000,    32, FFFFFFFF 
_SSPC__Reset_0                          , 0010292000000000,    32, FFFFFFFF 
_SSPC__Reset_1                          , 0010292400000000,    32, FFFFFFFF 
_SSPC__Reset_2                          , 0010292800000000,    32, FFFFFFFF 
_SSPC__Reset_3                          , 0010292C00000000,    32, FFFFFFFF 
_SSPC__Reset_4                          , 0010293000000000,    32, FFFFFFFF 
_SSPC__Reset_5                          , 0010293400000000,    32, FFFFFFFF 
_SSPC__Reset_6                          , 0010293800000000,    32, FFFFFFFF 
_SSPC__Reset_7                          , 0010293C00000000,    32, FFFFFFFF 
_SSPC__Reset_8                          , 0010294000000000,    32, FFFFFFFF 
_SSPC__Reset_9                          , 0010294400000000,    32, FFFFFFFF 
_SSPC__Reset_10                         , 0010294800000000,    32, FFFFFFFF 
_SSPC__Reset_11                         , 0010294C00000000,    32, FFFFFFFF 
_SSPC__Reset_12                         , 0010295000000000,    32, FFFFFFFF 
_SSPC__Reset_13                         , 0010295400000000,    32, FFFFFFFF 
_SSPC__Reset_14                         , 0010295800000000,    32, FFFFFFFF 
_SSPC__Reset_15                         , 0010295C00000000,    32, FFFFFFFF 
_SSPC__Reset_16                         , 0010296000000000,    32, FFFFFFFF 
_SSPC__Reset_17                         , 0010296400000000,    32, FFFFFFFF 
_SSPC__Reset_18                         , 0010296800000000,    32, FFFFFFFF 
_SSPC__Reset_19                         , 0010296C00000000,    32, FFFFFFFF 
_SSPC__SetCollar_0                      , 0010297400000000,    32, FFFFFFFF 
_SSPC__SetCollar_1                      , 0010297800000000,    32, FFFFFFFF 
_SSPC__SetCollar_2                      , 0010297C00000000,    32, FFFFFFFF 
_SSPC__SetCollar_3                      , 0010298000000000,    32, FFFFFFFF 
_SSPC__SetCollar_4                      , 0010298400000000,    32, FFFFFFFF 
_SSPC__SetCollar_5                      , 0010298800000000,    32, FFFFFFFF 
_SSPC__SetCollar_6                      , 0010298C00000000,    32, FFFFFFFF 
_SSPC__SetCollar_7                      , 0010299000000000,    32, FFFFFFFF 
_SSPC__SetCollar_8                      , 0010299400000000,    32, FFFFFFFF 
_SSPC__SetCollar_9                      , 0010299800000000,    32, FFFFFFFF 
_SSPC__SetCollar_10                     , 0010299C00000000,    32, FFFFFFFF 
_SSPC__SetCollar_11                     , 001029A000000000,    32, FFFFFFFF 
_SSPC__SetCollar_12                     , 001029A400000000,    32, FFFFFFFF 
_SSPC__SetCollar_13                     , 001029A800000000,    32, FFFFFFFF 
_SSPC__SetCollar_14                     , 001029AC00000000,    32, FFFFFFFF 
_SSPC__SetCollar_15                     , 001029B000000000,    32, FFFFFFFF 
_SSPC__SetCollar_16                     , 001029B400000000,    32, FFFFFFFF 
_SSPC__SetCollar_17                     , 001029B800000000,    32, FFFFFFFF 
_SSPC__SetCollar_18                     , 001029BC00000000,    32, FFFFFFFF 
_SSPC__SetCollar_19                     , 001029C000000000,    32, FFFFFFFF 
