;FTI Report For Build 9
;Interfaces   Both Internal && External
;Author       Omar Hobohm (Updates only)
;Version      40
;Date         21/Mar/2012 

_OFP_VECTORS                            , 0010000000000000,    32, FFFFFFFF ;0 
_MAP_MPT_TO_DEVICE_DESCRIPTOR           , 0010040000000000,    32, FFFFFFFF ;112 
_MAP_PSC_TO_MPTS                        , 0010047000000000,    32, FFFFFFFF ;32 
_MPT_SOURCE_SELECT_TABLE                , 0010049000000000,    32, FFFFFFFF ;256 
_MPT_SS_STICKY_COUNT                    , 0010059000000000,    32, FFFFFFFF ;1 
_MPT_VMS_BAUD_RATE                      , 0010059400000000,    32, FFFFFFFF ;4 
_MAP_FRAME_TO_TX_DEV_INDEX              , 0010059800000000,    32, FFFFFFFF ;16 
_MAP_FRAME_TO_RX_DEV_INDEX              , 001005a800000000,    32, FFFFFFFF ;16 
_MAP_FRAME_TO_TX_ACTION                 , 001005b800000000,    32, FFFFFFFF ;128 
_MAP_FRAME_TO_RX_ACTION                 , 0010063800000000,    32, FFFFFFFF ;128 
_MPT__Initialise                        , 001006b800000000,    32, FFFFFFFF ;364 
_MPT__Schedule                          , 0010082400000000,    32, FFFFFFFF ;218 
_MPT__PerformServicePhaseTx             , 0010090000000000,    32, FFFFFFFF ;490 
_MPT__PerformServicePhaseRx             , 00100aec00000000,    32, FFFFFFFF ;484 
_MPT__SetAircraftID                     , 00100cd000000000,    32, FFFFFFFF ;186 
_MPT__GetConfigInfo                     , 00100d8c00000000,    32, FFFFFFFF ;1508 
_MPT__SetCommandData                    , 0010137000000000,    32, FFFFFFFF ;46 
_MPT__GetStatusData                     , 001013a000000000,    32, FFFFFFFF ;102 
_MPT__ProcessStatusData                 , 0010140800000000,    32, FFFFFFFF ;642 
_MPT__GetBusVoltageInfo                 , 0010168c00000000,    32, FFFFFFFF ;34 
_MPT__SetCommandEnable                  , 001016b000000000,    32, FFFFFFFF ;36 
_SSPC_SOURCE_SELECT_TABLE               , 001016d400000000,    32, FFFFFFFF ;4096 
_MAP_MPT_TO_SSPC_RANGE                  , 001026d400000000,    32, FFFFFFFF ;28 
_SSPC_SS_STICKY_COUNT                   , 001026f000000000,    32, FFFFFFFF ;1 
_SSPC_PULL_RESET_CLR_INTVL              , 001026f100000000,    32, FFFFFFFF ;1 
_SSPC__Initialise                       , 001026f400000000,    32, FFFFFFFF ;184 
_SSPC__Schedule                         , 001027ac00000000,    32, FFFFFFFF ;242 
_SSPC__Pull                             , 001028a000000000,    32, FFFFFFFF ;128 
_SSPC__Reset                            , 0010292000000000,    32, FFFFFFFF ;82 
_SSPC__SetCollar                        , 0010297400000000,    32, FFFFFFFF ;82 
_SSPC__SetLoadShedFlags                 , 001029c800000000,    32, FFFFFFFF ;32 
_SSPC__SetSwitchCmd                     , 001029e800000000,    32, FFFFFFFF ;108 
_SSPC__GetSSPCStatus                    , 00102a5400000000,    32, FFFFFFFF ;224 
_SSPC__GenerateCommands                 , 00102b3400000000,    32, FFFFFFFF ;322 
_SSPC__ProcessStatus                    , 00102c7800000000,    32, FFFFFFFF ;860 
_SSPC__DetermineSwitchStatus            , 00102fd400000000,    32, FFFFFFFF ;100 
_SSPC__DetermineCBStatus                , 0010303800000000,    32, FFFFFFFF ;90 
_SSPC__ConvertCurrent                   , 0010309400000000,    32, FFFFFFFF ;38 
_LoadShed__Initialise                   , 001030bc00000000,    32, FFFFFFFF ;14 
_LoadShed__Update                       , 001030cc00000000,    32, FFFFFFFF ;148 
_LoadShed__DetermineMode                , 0010316000000000,    32, FFFFFFFF ;12 
_SLAVE_HB_INTERVAL                      , 0010316c00000000,    32, FFFFFFFF ;2 
_SLAVE_TIMEOUT_INTERVAL                 , 0010316e00000000,    32, FFFFFFFF ;2 
_FTI__Initialise                        , 0010317000000000,    32, FFFFFFFF ;206 
_FTI__Schedule                          , 0010324000000000,    32, FFFFFFFF ;396 
_FTI__Transmit                          , 001033cc00000000,    32, FFFFFFFF ;136 
_FTI__Receive                           , 0010345400000000,    32, FFFFFFFF ;384 
_FTI__ParseMessage                      , 001035d400000000,    32, FFFFFFFF ;582 
_FTI__GenRspPayload                     , 0010381c00000000,    32, FFFFFFFF ;354 
_FTI__ParseDataReqPkt                   , 0010398000000000,    32, FFFFFFFF ;188 
_FTI__ParseSetDataPkt                   , 00103a3c00000000,    32, FFFFFFFF ;196 
_FTI__ParseSSPCProtPkt                  , 00103b0000000000,    32, FFFFFFFF ;186 
_FTI__SetFTIAuthorised                  , 00103bbc00000000,    32, FFFFFFFF ;14 
_FTI__ValidateAddress                   , 00103bcc00000000,    32, FFFFFFFF ;72 
_FTI__WriteData                         , 00103c1400000000,    32, FFFFFFFF ;92 
_MAP_PIN_VAL_TO_LANE_ID                 , 00103c7000000000,    32, FFFFFFFF ;64 
_MAP_PIN_VAL_TO_CHAN_ID                 , 00103cb000000000,    32, FFFFFFFF ;64 
_ConfigMgr__GetESCMode                  , 00103cf000000000,    32, FFFFFFFF ;12 
_ConfigMgr__GetChannelID                , 00103cfc00000000,    32, FFFFFFFF ;144 
_FRAME_TIMER_GPT                        , 00103d8c00000000,    32, FFFFFFFF ;4 
_MINOR_FRAMES_PER_MAJOR_FRAME           , 00103d9000000000,    32, FFFFFFFF ;2 
_WDOG_KICK_FRAME_MASK                   , 00103d9200000000,    32, FFFFFFFF ;1 
_FTI_MACAddr                            , 00103d9400000000,    32, FFFFFFFF ;6 
_ESC_Scheduler__main                    , 00103d9c00000000,    32, FFFFFFFF ;166 
_ESC_Scheduler__Schedule                , 00103e4400000000,    32, FFFFFFFF ;208 
_ESC_Scheduler__StartFrame              , 00103f1400000000,    32, FFFFFFFF ;78 
_ESC_Scheduler__EndFrame                , 00103f6400000000,    32, FFFFFFFF ;54 
_ESC_Scheduler__GetSystemTime           , 00103f9c00000000,    32, FFFFFFFF ;12 
_MAP_APP_PIN_TO_INTERNAL_PIN            , 00103fa800000000,    32, FFFFFFFF ;348 
_PIN_DESCRIPTORS                        , 0010410400000000,    32, FFFFFFFF ;3052 
_FLEXBUS_CS3_LATCH_ADDRESS              , 00104cf000000000,    32, FFFFFFFF ;4 
_FLEXBUS_CS4_LATCH_ADDRESS              , 00104cf400000000,    32, FFFFFFFF ;4 
_Plat_Discretes__Initialise             , 00104cf800000000,    32, FFFFFFFF ;140 
_Plat_Discretes__ReadPin                , 00104d8400000000,    32, FFFFFFFF ;166 
_Plat_Discretes__WritePin               , 00104e2c00000000,    32, FFFFFFFF ;238 
_Plat_Discretes__ReadAppPin             , 00104f1c00000000,    32, FFFFFFFF ;50 
_Plat_Discretes__WriteAppPin            , 00104f5000000000,    32, FFFFFFFF ;42 
_Plat_Discretes__RWFlexBus              , 00104f7c00000000,    32, FFFFFFFF ;110 
_Plat_Discretes__ReadPort               , 00104fec00000000,    32, FFFFFFFF ;76 
_Plat_Discretes__WritePort              , 0010503800000000,    32, FFFFFFFF ;44 
_MAP_TIMER_TO_GPT_VALUE                 , 0010506400000000,    32, FFFFFFFF ;2 
_MAP_TIMER_TO_INT_SRC                   , 0010506800000000,    32, FFFFFFFF ;8 
_GPT_TIMER_INTERRUPT_LVL                , 0010507000000000,    32, FFFFFFFF ;1 
_MAP_TIMER_TO_INTERRUPT_PRIO            , 0010507400000000,    32, FFFFFFFF ;2 
_GPT_PRESCALER_VALUE                    , 0010507600000000,    32, FFFFFFFF ;2 
_MAX_TIMER_DURATION_MICROS              , 0010507800000000,    32, FFFFFFFF ;2 
_Plat_GPT__Initialise                   , 0010507c00000000,    32, FFFFFFFF ;34 
_Plat_GPT__AttachCallback               , 001050a000000000,    32, FFFFFFFF ;34 
_Plat_GPT__IsExpired                    , 001050c400000000,    32, FFFFFFFF ;52 
_Plat_GPT__SetEnabled                   , 001050f800000000,    32, FFFFFFFF ;84 
_Plat_GPT__SetInterruptEnabled          , 0010514c00000000,    32, FFFFFFFF ;198 
_Plat_GPT__SetRunMode                   , 0010521400000000,    32, FFFFFFFF ;150 
_Plat_GPT__SetDuration                  , 001052ac00000000,    32, FFFFFFFF ;96 
_Plat_GPT__Timer1_ISR                   , 0010530c00000000,    32, FFFFFFFF ;28 
_Plat_GPT__Timer2_ISR                   , 0010532800000000,    32, FFFFFFFF ;32 
_MAX_INTERRUPT_LEVEL                    , 0010534800000000,    32, FFFFFFFF ;1 
_MAX_INTERRUPT_PRIORITY                 , 0010534900000000,    32, FFFFFFFF ;1 
_MAP_INTERRUPT_SOURCE_TO_SRC_NUM        , 0010534c00000000,    32, FFFFFFFF ;50 
_Plat_INTC__SetupVectorTable            , 0010538000000000,    32, FFFFFFFF ;18 
_Plat_INTC__SetInterruptEnabled         , 0010539400000000,    32, FFFFFFFF ;154 
_Plat_INTC__SetInterruptPriority        , 0010543000000000,    32, FFFFFFFF ;82 
_DMA_INTERRUPT_LEVEL                    , 0010548400000000,    32, FFFFFFFF ;1 
_DMA_INTERRUPT_PRIORITY                 , 0010548500000000,    32, FFFFFFFF ;1 
_FLEX_BUS_CS3_INITIAL_VALUE             , 0010548800000000,    32, FFFFFFFF ;4 
_STARTUP_DELAY_SCALE                    , 0010548c00000000,    32, FFFFFFFF ;2 
_STARTUP_DELAY_PERIOD                   , 0010548e00000000,    32, FFFFFFFF ;2 
_RAM_INIT_FIXED_WAIT_MICROS             , 0010549000000000,    32, FFFFFFFF ;2 
_Plat_Resources__Initialise             , 0010549400000000,    32, FFFFFFFF ;230 
_Plat_Resources__SDRAM_Init             , 0010557c00000000,    32, FFFFFFFF ;230 
_Plat_Resources__Cache_Init             , 0010566400000000,    32, FFFFFFFF ;38 
_Plat_Resources__InitStaticData         , 0010568c00000000,    32, FFFFFFFF ;50 
_SYSCLK_HZ                              , 001056c000000000,    32, FFFFFFFF ;4 
_Plat_PSC__PutBytes                     , 001056c400000000,    32, FFFFFFFF ;88 
_Plat_PSC__GetBytes                     , 0010571c00000000,    32, FFFFFFFF ;88 
_Plat_PSC__Initialise                   , 0010577400000000,    32, FFFFFFFF ;350 
_Plat_PSC__IsFIFOAlarmSet               , 001058d400000000,    32, FFFFFFFF ;76 
_Plat_PSC__SetActiveInterrupts          , 0010592000000000,    32, FFFFFFFF ;40 
_Plat_PSC__SetMultiDropMode             , 0010594800000000,    32, FFFFFFFF ;106 
_Plat_PSC__SetFIFOAlarmLevel            , 001059b400000000,    32, FFFFFFFF ;76 
_Plat_PSC__Reset                        , 00105a0000000000,    32, FFFFFFFF ;46 
_Plat_PSC__IsTxEmpty                    , 00105a3000000000,    32, FFFFFFFF ;36 
_Plat_PSC__SetEnable                    , 00105a5400000000,    32, FFFFFFFF ;76 
_MAP_TIMER_TO_SLT_VALUE                 , 00105aa000000000,    32, FFFFFFFF ;1 
_MAP_TIMER_TO_INT_SRC                   , 00105aa400000000,    32, FFFFFFFF ;4 
_SLICE_TIMER_INTERRUPT_LVL              , 00105aa800000000,    32, FFFFFFFF ;1 
_SLICE_TIMER_0_INT_PRIO                 , 00105aa900000000,    32, FFFFFFFF ;1 
_MAP_TIMER_TO_INT_PRIO                  , 00105aac00000000,    32, FFFFFFFF ;1 
_SLICE_TIMER_0_TICK_COUNT               , 00105ab000000000,    32, FFFFFFFF ;4 
_Plat_SLT__Initialise                   , 00105ab400000000,    32, FFFFFFFF ;88 
_Plat_SLT__AttachCallback               , 00105b0c00000000,    32, FFFFFFFF ;32 
_Plat_SLT__IsExpired                    , 00105b2c00000000,    32, FFFFFFFF ;50 
_Plat_SLT__SetDuration                  , 00105b6000000000,    32, FFFFFFFF ;58 
_Plat_SLT__SetEnabled                   , 00105b9c00000000,    32, FFFFFFFF ;82 
_Plat_SLT__SetInterruptEnabled          , 00105bf000000000,    32, FFFFFFFF ;166 
_Plat_SLT__SetRunMode                   , 00105c9800000000,    32, FFFFFFFF ;88 
_Plat_SLT__Timer1_ISR                   , 00105cf000000000,    32, FFFFFFFF ;40 
_Plat_A664_ES__Initialise               , 00105d1800000000,    32, FFFFFFFF ;1408 
_Plat_A664_ES__Program                  , 0010629800000000,    32, FFFFFFFF ;592 
_Plat_PSU__Initialise                   , 001064e800000000,    32, FFFFFFFF ;100 
_Plat_PSU__RegisterPFIHandler           , 0010654c00000000,    32, FFFFFFFF ;14 
_Plat_PSU__PowerFail_ISR                , 0010655c00000000,    32, FFFFFFFF ;52 
_SYSCLK_TICKS_PER_MICRO                 , 0010659000000000,    32, FFFFFFFF ;4 
_Plat_Watchdog__Initialise              , 0010659400000000,    32, FFFFFFFF ;50 
_Plat_Watchdog__Kick                    , 001065c800000000,    32, FFFFFFFF ;58 
_Plat_Watchdog__GetRefFrequency         , 0010660400000000,    32, FFFFFFFF ;88 
_INTERFACE_RX_ONLY_SETTING              , 0010665c00000000,    32, FFFFFFFF ;24 
_DEFAULT_CONFIG_WORDS                   , 0010667400000000,    32, FFFFFFFF ;20 
_MAP_DEVICE_TO_RESET_PIN                , 0010668800000000,    32, FFFFFFFF ;12 
_MAP_DEVICE_TO_DSBL_PIN                 , 0010669400000000,    32, FFFFFFFF ;12 
_MAP_DEVICE_TO_SRCDEST_ID               , 001066a000000000,    32, FFFFFFFF ;6 
_MAP_DEVICE_TO_SPI_CMD_WORD             , 001066a800000000,    32, FFFFFFFF ;12 
_MAP_INTERFACE_TO_SF_CFG_WORD           , 001066b400000000,    32, FFFFFFFF ;6 
_BIT_REVERSE_TABLE                      , 001066bc00000000,    32, FFFFFFFF ;256 
_Plat_SBC__Initialise                   , 001067bc00000000,    32, FFFFFFFF ;484 
_Plat_SBC__GetFromPayload               , 001069a000000000,    32, FFFFFFFF ;464 
_Plat_SBC__Service                      , 00106b7000000000,    32, FFFFFFFF ;416 
_Plat_SBC__AddToPayload                 , 00106d1000000000,    32, FFFFFFFF ;564 
_Plat_SBC__ConfigureInterface           , 00106f4400000000,    32, FFFFFFFF ;608 
_Plat_SBC__FormatTxMessage              , 001071a400000000,    32, FFFFFFFF ;954 
_Plat_SBC__ProcessRxMessage             , 0010756000000000,    32, FFFFFFFF ;590 
_Plat_SBC__GetDeviceStatus              , 001077b000000000,    32, FFFFFFFF ;162 
_Plat_SBC__GetInterfaceStatus           , 0010785400000000,    32, FFFFFFFF ;230 
_Plat_NVM__Store                        , 0010793c00000000,    32, FFFFFFFF ;128 
_Plat_NVM__Recall                       , 001079bc00000000,    32, FFFFFFFF ;128 
_Plat_Utils__BurstCopy                  , 00107a3c00000000,    32, FFFFFFFF ;30 
_Plat_Utils__ByteSwap                   , 00107a5c00000000,    32, FFFFFFFF ;38 
_Plat_Utils__CalculateCRC               , 00107a8400000000,    32, FFFFFFFF ;30 
_Plat_Utils__ConvertValToStr            , 00107aa400000000,    32, FFFFFFFF ;46 
_Plat_Utils__FixedPeriodWait            , 00107ad400000000,    32, FFFFFFFF ;28 
_Plat_Utils__ReadTripleCopy             , 00107af000000000,    32, FFFFFFFF ;8 
_Plat_Utils__WordSwap                   , 00107af800000000,    32, FFFFFFFF ;20 
_Plat_Utils__WriteTripleCopy            , 00107b0c00000000,    32, FFFFFFFF ;8 
_MAP_PACKET_TYPE_TO_HDR_LENGTH          , 00107b1400000000,    32, FFFFFFFF ;2 
_MAP_PACKET_TYPE_TO_MASK                , 00107b1800000000,    32, FFFFFFFF ;2 
_MAP_PSC_TO_TX_ENABLE_PIN               , 00107b1c00000000,    32, FFFFFFFF ;16 
_MAP_PSC_TO_INTERRUPT_SOURCE            , 00107b2c00000000,    32, FFFFFFFF ;16 
_PSC_INTERRUPT_LEVEL                    , 00107b3c00000000,    32, FFFFFFFF ;1 
_MAP_PSC_TO_INTERRUPT_PRIO              , 00107b4000000000,    32, FFFFFFFF ;4 
_VMS_BAUD_RATE_MAX                      , 00107b4400000000,    32, FFFFFFFF ;4 
_VMS_BAUD_RATE_MIN                      , 00107b4800000000,    32, FFFFFFFF ;4 
_TX_EMPTY_WAIT_TIMEOUT                  , 00107b4c00000000,    32, FFFFFFFF ;2 
_Plat_VMS__Initialise                   , 00107b5000000000,    32, FFFFFFFF ;360 
_Plat_VMS__PerformVMSChecksum           , 00107cb800000000,    32, FFFFFFFF ;66 
_Plat_VMS__ProcessResponse              , 00107cfc00000000,    32, FFFFFFFF ;402 
_Plat_VMS__PSC0_ISR                     , 00107e9000000000,    32, FFFFFFFF ;32 
_Plat_VMS__PSC1_ISR                     , 00107eb000000000,    32, FFFFFFFF ;32 
_Plat_VMS__PSC2_ISR                     , 00107ed000000000,    32, FFFFFFFF ;32 
_Plat_VMS__PSC3_ISR                     , 00107ef000000000,    32, FFFFFFFF ;32 
_Plat_VMS__PSCInterruptHandler          , 00107f1000000000,    32, FFFFFFFF ;340 
_Plat_VMS__Service                      , 0010806400000000,    32, FFFFFFFF ;182 
_Plat_VMS__Transmit                     , 0010811c00000000,    32, FFFFFFFF ;702 
_MAP_CHANNEL_TO_SBC_DEVICE              , 001083dc00000000,    32, FFFFFFFF ;48 
_MAP_CHANNEL_TO_SBC_INTERFACE           , 0010840c00000000,    32, FFFFFFFF ;48 
_Plat_ARINC429__Receive                 , 0010843c00000000,    32, FFFFFFFF ;70 
_Plat_ARINC429__Transmit                , 0010848400000000,    32, FFFFFFFF ;80 
_Plat_ARINC429__ConfigureChannel        , 001084d400000000,    32, FFFFFFFF ;100 
_Plat_ARINC429__GetChannelStatus        , 0010853800000000,    32, FFFFFFFF ;178 
_MAP_CHANNEL_TO_SBC_DEVICE              , 001085ec00000000,    32, FFFFFFFF ;24 
_MAP_CHANNEL_TO_SBC_INTERFACE           , 0010860400000000,    32, FFFFFFFF ;24 
_Plat_RS485__PutBytes                   , 0010861c00000000,    32, FFFFFFFF ;74 
_Plat_RS485__GetBytes                   , 0010866800000000,    32, FFFFFFFF ;68 
_Plat_RS485__ConfigureChannel           , 001086ac00000000,    32, FFFFFFFF ;118 
_Plat_RS485__GetChannelStatus           , 0010872400000000,    32, FFFFFFFF ;178 
_Plat_Ethernet__Initialise              , 001087d800000000,    32, FFFFFFFF ;658 
_Plat_Ethernet__Transmit                , 00108a6c00000000,    32, FFFFFFFF ;188 
_Plat_Ethernet__Receive                 , 00108b2800000000,    32, FFFFFFFF ;266 
_Plat_Ethernet__Service                 , 00108c3400000000,    32, FFFFFFFF ;502 
_Plat_Ethernet__Timer_ISR               , 00108e2c00000000,    32, FFFFFFFF ;120 
_Plat_Arinc664__Bit                     , 00108ea400000000,    32, FFFFFFFF ;96 
_Plat_Arinc664__Initialise              , 00108f0400000000,    32, FFFFFFFF ;2124 
_Plat_Arinc664__Loopback                , 0010975000000000,    32, FFFFFFFF ;152 
_Plat_Arinc664__Mib_Get                 , 001097e800000000,    32, FFFFFFFF ;86 
_Plat_Arinc664__Reset_Phy               , 0010984000000000,    32, FFFFFFFF ;46 
_Plat_Arinc664__Rx                      , 0010987000000000,    32, FFFFFFFF ;76 
_Plat_Arinc664__Tx                      , 001098bc00000000,    32, FFFFFFFF ;114 
_add_longlong                           , 0010993000000000,    32, FFFFFFFF ;322 
_subtract_longlong                      , 00109a7400000000,    32, FFFFFFFF ;92 
_C_ARP__Maintain_timers                 , 00109ad000000000,    32, FFFFFFFF ;546 
_C_ARP__Reset_cache                     , 00109cf400000000,    32, FFFFFFFF ;252 
_C_ARP__Send_IP_via_ARP                 , 00109df000000000,    32, FFFFFFFF ;254 
_C_ARP__Send_packet                     , 00109ef000000000,    32, FFFFFFFF ;436 
_C_ARP__Update_cache                    , 0010a0a400000000,    32, FFFFFFFF ;1102 
_C_ARP__Create_cache_entry              , 0010a4f400000000,    32, FFFFFFFF ;650 
_C_ARP__Translate_IP_to_MAC             , 0010a78000000000,    32, FFFFFFFF ;246 
_asm_burst_mem_copy                     , 0010a87800000000,    32, FFFFFFFF ;0 
_asm_burst_mem_copy_32                  , 0010a8e400000000,    32, FFFFFFFF ;0 
_CRC_table_A                            , 0010a95600000000,    32, FFFFFFFF ;32 
_CRC_table_B                            , 0010a97600000000,    32, FFFFFFFF ;32 
_C_Calculate_CRC                        , 0010a99800000000,    32, FFFFFFFF ;102 
_GMS0_ptr                               , 0010aa0000000000,    32, FFFFFFFF ;4 
_GCIR0_ptr                              , 0010aa0400000000,    32, FFFFFFFF ;4 
_GSR0_ptr                               , 0010aa0800000000,    32, FFFFFFFF ;4 
_GSR3_ptr                               , 0010aa0c00000000,    32, FFFFFFFF ;4 
_GMS3_ptr                               , 0010aa1000000000,    32, FFFFFFFF ;4 
_GCIR3_ptr                              , 0010aa1400000000,    32, FFFFFFFF ;4 
_start_frame                            , 0010aa1800000000,    32, FFFFFFFF ;70 
_wait_for_frame_end                     , 0010aa6000000000,    32, FFFFFFFF ;124 
_fixed_period_wait                      , 0010aadc00000000,    32, FFFFFFFF ;92 
_default_exception_handler              , 0010ab3800000000,    32, FFFFFFFF ;96 
_const_used_requestors                  , 0010ab9800000000,    32, FFFFFFFF ;32 
_const_DMA_channel                      , 0010abb800000000,    32, FFFFFFFF ;128 
_C_DMA_UTILS__Enable_disable_IRQ        , 0010ac3800000000,    32, FFFFFFFF ;132 
_C_DMA_UTILS__Free_channel              , 0010acbc00000000,    32, FFFFFFFF ;88 
_C_DMA_UTILS__Free_initiator            , 0010ad1400000000,    32, FFFFFFFF ;68 
_C_DMA_UTILS__Get_channel               , 0010ad5800000000,    32, FFFFFFFF ;68 
_C_DMA_UTILS__Get_initiator             , 0010ad9c00000000,    32, FFFFFFFF ;66 
_C_DMA_UTILS__Initialise                , 0010ade000000000,    32, FFFFFFFF ;60 
_C_DMA_UTILS__Set_channel               , 0010ae1c00000000,    32, FFFFFFFF ;120 
_C_DMA_UTILS__Set_initiator             , 0010ae9400000000,    32, FFFFFFFF ;1228 
_C_DMA_UTILS__Interrupt_handler         , 0010b36000000000,    32, FFFFFFFF ;124 
_c_error_handler                        , 0010b3dc00000000,    32, FFFFFFFF ;58 
_Ethernet_broadcast_address             , 0010b41800000000,    32, FFFFFFFF ;6 
_C_ETHERNET__Send_packet                , 0010b42000000000,    32, FFFFFFFF ;62 
_fatal_error                            , 0010b46000000000,    32, FFFFFFFF ;10 
_C_FEC_BD__Get_start_BD                 , 0010b46c00000000,    32, FFFFFFFF ;44 
_C_FEC_BD__Initialise                   , 0010b49800000000,    32, FFFFFFFF ;352 
_C_FEC_BD__Rx_allocate                  , 0010b5f800000000,    32, FFFFFFFF ;120 
_C_FEC_BD__Tx_allocate                  , 0010b67000000000,    32, FFFFFFFF ;152 
_C_FEC_BD__Tx_free                      , 0010b70800000000,    32, FFFFFFFF ;142 
_C_FEC_DRV__FEC0_isr                    , 0010b79800000000,    32, FFFFFFFF ;32 
_C_FEC_DRV__FEC1_isr                    , 0010b7b800000000,    32, FFFFFFFF ;32 
_C_FEC_DRV__Initialise                  , 0010b7d800000000,    32, FFFFFFFF ;476 
_C_FEC_DRV__IRQ_disable                 , 0010b9b400000000,    32, FFFFFFFF ;54 
_C_FEC_DRV__IRQ_enable                  , 0010b9ec00000000,    32, FFFFFFFF ;148 
_C_FEC_DRV__Reset_FEC                   , 0010ba8000000000,    32, FFFFFFFF ;140 
_C_FEC_DRV__Rx_start                    , 0010bb0c00000000,    32, FFFFFFFF ;224 
_C_FEC_DRV__Send                        , 0010bbec00000000,    32, FFFFFFFF ;172 
_C_FEC_DRV__Stop_ethernet               , 0010bc9800000000,    32, FFFFFFFF ;114 
_C_FEC_DRV__Tx_start                    , 0010bd0c00000000,    32, FFFFFFFF ;224 
_C_FEC_DRV__Duplex                      , 0010bdec00000000,    32, FFFFFFFF ;98 
_C_FEC_DRV__Generate_hash               , 0010be5000000000,    32, FFFFFFFF ;98 
_C_FEC_DRV__IRQ_handler                 , 0010beb400000000,    32, FFFFFFFF ;134 
_C_FEC_DRV__Rx_continue                 , 0010bf3c00000000,    32, FFFFFFFF ;56 
_C_FEC_DRV__Rx_frame_FEC0               , 0010bf7400000000,    32, FFFFFFFF ;22 
_C_FEC_DRV__Rx_frame_FEC1               , 0010bf8c00000000,    32, FFFFFFFF ;18 
_C_FEC_DRV__Rx_frame_handler            , 0010bfa000000000,    32, FFFFFFFF ;568 
_C_FEC_DRV__Rx_stop                     , 0010c1d800000000,    32, FFFFFFFF ;158 
_C_FEC_DRV__Set_net_address             , 0010c27800000000,    32, FFFFFFFF ;206 
_C_FEC_DRV__Tx_continue                 , 0010c34800000000,    32, FFFFFFFF ;56 
_C_FEC_DRV__Tx_frame_FEC0               , 0010c38000000000,    32, FFFFFFFF ;18 
_C_FEC_DRV__Tx_frame_FEC1               , 0010c39400000000,    32, FFFFFFFF ;18 
_C_FEC_DRV__Tx_frame_handler            , 0010c3a800000000,    32, FFFFFFFF ;82 
_C_FEC_DRV__Tx_stop                     , 0010c3fc00000000,    32, FFFFFFFF ;286 
_C_FIFO__direct_fifo_get                , 0010c51c00000000,    32, FFFFFFFF ;218 
_C_FIFO__direct_fifo_put                , 0010c5f800000000,    32, FFFFFFFF ;230 
_C_FIFO__direct_fifo_initialise         , 0010c6e000000000,    32, FFFFFFFF ;32 
_C_IP__Send_packet                      , 0010c70000000000,    32, FFFFFFFF ;190 
_C_IP__Checksum_header                  , 0010c7c000000000,    32, FFFFFFFF ;106 
_C_MCD_API__Continue_DMA                , 0010c82c00000000,    32, FFFFFFFF ;62 
_C_MCD_API__Disable_DMA                 , 0010c86c00000000,    32, FFFFFFFF ;44 
_C_MCD_API__Init_DMA                    , 0010c89800000000,    32, FFFFFFFF ;528 
_C_MCD_API__Start_DMA                   , 0010caa800000000,    32, FFFFFFFF ;1472 
_C_MCD_API__Start_DSPI_DMA              , 0010d06800000000,    32, FFFFFFFF ;242 
_MCD_varTab0                            , 0010d15c00000000,    32, FFFFFFFF ;128 
_MCD_varTab1                            , 0010d1dc00000000,    32, FFFFFFFF ;128 
_MCD_varTab2                            , 0010d25c00000000,    32, FFFFFFFF ;128 
_MCD_varTab3                            , 0010d2dc00000000,    32, FFFFFFFF ;128 
_MCD_varTab4                            , 0010d35c00000000,    32, FFFFFFFF ;128 
_MCD_varTab5                            , 0010d3dc00000000,    32, FFFFFFFF ;128 
_MCD_varTab6                            , 0010d45c00000000,    32, FFFFFFFF ;128 
_MCD_varTab7                            , 0010d4dc00000000,    32, FFFFFFFF ;128 
_MCD_varTab8                            , 0010d55c00000000,    32, FFFFFFFF ;128 
_MCD_varTab9                            , 0010d5dc00000000,    32, FFFFFFFF ;128 
_MCD_varTab10                           , 0010d65c00000000,    32, FFFFFFFF ;128 
_MCD_varTab11                           , 0010d6dc00000000,    32, FFFFFFFF ;128 
_MCD_varTab12                           , 0010d75c00000000,    32, FFFFFFFF ;128 
_MCD_varTab13                           , 0010d7dc00000000,    32, FFFFFFFF ;128 
_MCD_varTab14                           , 0010d85c00000000,    32, FFFFFFFF ;128 
_MCD_varTab15                           , 0010d8dc00000000,    32, FFFFFFFF ;128 
_MCD_funcDescTab0                       , 0010d95c00000000,    32, FFFFFFFF ;256 
_MCD_funcDescTab1                       , 0010da5c00000000,    32, FFFFFFFF ;256 
_MCD_funcDescTab2                       , 0010db5c00000000,    32, FFFFFFFF ;256 
_MCD_funcDescTab3                       , 0010dc5c00000000,    32, FFFFFFFF ;256 
_MCD_funcDescTab4                       , 0010dd5c00000000,    32, FFFFFFFF ;256 
_MCD_funcDescTab5                       , 0010de5c00000000,    32, FFFFFFFF ;256 
_MCD_funcDescTab6                       , 0010df5c00000000,    32, FFFFFFFF ;256 
_MCD_funcDescTab7                       , 0010e05c00000000,    32, FFFFFFFF ;256 
_MCD_funcDescTab8                       , 0010e15c00000000,    32, FFFFFFFF ;256 
_MCD_funcDescTab9                       , 0010e25c00000000,    32, FFFFFFFF ;256 
_MCD_funcDescTab10                      , 0010e35c00000000,    32, FFFFFFFF ;256 
_MCD_funcDescTab11                      , 0010e45c00000000,    32, FFFFFFFF ;256 
_MCD_funcDescTab12                      , 0010e55c00000000,    32, FFFFFFFF ;256 
_MCD_funcDescTab13                      , 0010e65c00000000,    32, FFFFFFFF ;256 
_MCD_funcDescTab14                      , 0010e75c00000000,    32, FFFFFFFF ;256 
_MCD_funcDescTab15                      , 0010e85c00000000,    32, FFFFFFFF ;256 
_MCD_ChainNoEu_TDT                      , 0010e95c00000000,    32, FFFFFFFF ;368 
_MCD_SingleNoEu_TDT                     , 0010eacc00000000,    32, FFFFFFFF ;216 
_MCD_ChainEu_TDT                        , 0010eba400000000,    32, FFFFFFFF ;440 
_MCD_SingleEu_TDT                       , 0010ed5c00000000,    32, FFFFFFFF ;296 
_MCD_ENetRcv0_TDT                       , 0010ee8400000000,    32, FFFFFFFF ;168 
_MCD_ENetRcv1_TDT                       , 0010ef2c00000000,    32, FFFFFFFF ;168 
_MCD_ENetXmit0_TDT                      , 0010efd400000000,    32, FFFFFFFF ;212 
_MCD_ENetXmit1_TDT                      , 0010f0a800000000,    32, FFFFFFFF ;212 
_MCD_DSPI_Tx_Rx_TDT                     , 0010f17c00000000,    32, FFFFFFFF ;76 
_MCD_realTaskTableSrc                   , 0010f1c800000000,    32, FFFFFFFF ;512 
_MCD_modelTaskTableSrc                  , 0010f3c800000000,    32, FFFFFFFF ;288 
_C_MCD_TASKS__Start_chain_no_EU         , 0010f4e800000000,    32, FFFFFFFF ;228 
_C_MCD_TASKS__Start_single_no_EU        , 0010f5cc00000000,    32, FFFFFFFF ;192 
_C_MCD_TASKS__Start_chain_EU            , 0010f68c00000000,    32, FFFFFFFF ;246 
_C_MCD_TASKS__Start_single_EU           , 0010f78400000000,    32, FFFFFFFF ;220 
_C_MCD_TASKS__Start_ethernet_rx         , 0010f86000000000,    32, FFFFFFFF ;158 
_C_MCD_TASKS__Start_ethernet_tx         , 0010f90000000000,    32, FFFFFFFF ;202 
_C_MCD_TASKS__Start_DSPI_EU             , 0010f9cc00000000,    32, FFFFFFFF ;138 
_put_bit                                , 0010fa5800000000,    32, FFFFFFFF ;158 
_put_2_bit                              , 0010faf800000000,    32, FFFFFFFF ;122 
_get_bit                                , 0010fb7400000000,    32, FFFFFFFF ;168 
_C_NET_BUFFERS__Add                     , 0010fc1c00000000,    32, FFFFFFFF ;78 
_C_NET_BUFFERS__Allocate                , 0010fc6c00000000,    32, FFFFFFFF ;74 
_C_NET_BUFFERS__Flush                   , 0010fcb800000000,    32, FFFFFFFF ;98 
_C_NET_BUFFERS__Free                    , 0010fd1c00000000,    32, FFFFFFFF ;100 
_C_NET_BUFFERS__Initialise              , 0010fd8000000000,    32, FFFFFFFF ;202 
_C_NET_BUFFERS__Remove                  , 0010fe4c00000000,    32, FFFFFFFF ;82 
_C_NET_BUFFERS__Reset                   , 0010fea000000000,    32, FFFFFFFF ;94 
_C_NET_QUEUES__Add                      , 0010ff0000000000,    32, FFFFFFFF ;60 
_C_NET_QUEUES__Initialise               , 0010ff3c00000000,    32, FFFFFFFF ;14 
_C_NET_QUEUES__Remove                   , 0010ff4c00000000,    32, FFFFFFFF ;52 
_C_NET_QUEUES__Test_queue_empty         , 0010ff8000000000,    32, FFFFFFFF ;28 
_FTI_preamble                           , 0010ff9c00000000,    32, FFFFFFFF ;3 
_C_NETWORK__FTI_message_parse           , 0010ffa000000000,    32, FFFFFFFF ;356 
_C_NETWORK__GAP_message_parse           , 0011010400000000,    32, FFFFFFFF ;242 
_C_NETWORK__TFTP_message_parse          , 001101f800000000,    32, FFFFFFFF ;94 
_C_NETWORK__message_extract             , 0011025800000000,    32, FFFFFFFF ;82 
_nvm                                    , 001102ac00000000,    32, FFFFFFFF ;140 
_C_PHY_DRV__Phy_init                    , 0011033800000000,    32, FFFFFFFF ;670 
_C_PHY_DRV__MII_initialise              , 001105d800000000,    32, FFFFFFFF ;88 
_C_PHY_DRV__MII_read                    , 0011063000000000,    32, FFFFFFFF ;260 
_C_PHY_DRV__MII_write                   , 0011073400000000,    32, FFFFFFFF ;240 
_asm_set_ipl                            , 0011082400000000,    32, FFFFFFFF ;0 
_C_UDP__Checksum                        , 0011085c00000000,    32, FFFFFFFF ;142 
_C_UDP__Send_packet                     , 001108ec00000000,    32, FFFFFFFF ;380 
_C_UDP__Connect                         , 00110a6800000000,    32, FFFFFFFF ;184 
_C_UDP__New                             , 00110b2000000000,    32, FFFFFFFF ;122 
_C_UDP__Bind                            , 00110b9c00000000,    32, FFFFFFFF ;172 
_C_UDP__Set_callback                    , 00110c4800000000,    32, FFFFFFFF ;18 
_uint16_to_real_string                  , 00110c6800000000,    32, FFFFFFFF ;216 
_wordswap_to_little_endian              , 00110d4000000000,    32, FFFFFFFF ;36 
_DMA_Initialise                         , 00110d6400000000,    32, FFFFFFFF ;134 
_DSPI_Start                             , 00110dec00000000,    32, FFFFFFFF ;288 
_NETWORK_API_format_message             , 00110f0c00000000,    32, FFFFFFFF ;604 
_NETWORK_Initialise                     , 0011116800000000,    32, FFFFFFFF ;774 
_NETWORK_Process_API_layer              , 0011147000000000,    32, FFFFFFFF ;258 
_NETWORK_Process_ARP_layer              , 0011157400000000,    32, FFFFFFFF ;368 
_NETWORK_Process_ETH_layer              , 001116e400000000,    32, FFFFFFFF ;166 
_NETWORK_Process_IP_layer               , 0011178c00000000,    32, FFFFFFFF ;482 
_NETWORK_Process_UDP_layer              , 0011197000000000,    32, FFFFFFFF ;850 
_pci_addr_space_config                  , 00111cc400000000,    32, FFFFFFFF ;492 
_pci_windows_config                     , 00111eb000000000,    32, FFFFFFFF ;276 
_RAM_init                               , 00111fc400000000,    32, FFFFFFFF ;42 
_Slice_timer_0_init                     , 00111ff000000000,    32, FFFFFFFF ;90 
_afdx_bit                               , 0011204c00000000,    32, FFFFFFFF ;616 
_afdx_locking                           , 001122b400000000,    32, FFFFFFFF ;144 
_afdx_loopback                          , 0011234400000000,    32, FFFFFFFF ;552 
_afdx_mdio_write                        , 0011256c00000000,    32, FFFFFFFF ;102 
_afdx_mib_get                           , 001125d400000000,    32, FFFFFFFF ;88 
_afdx_reset_phy                         , 0011262c00000000,    32, FFFFFFFF ;158 
_afdx_rx                                , 001126cc00000000,    32, FFFFFFFF ;530 
_afdx_tx                                , 001128f000000000,    32, FFFFFFFF ;416 
_TxQueue_m                              , 1001410000000000,    32, FFFFFFFF ;4680 
_RxQueue_m                              , 1001534800000000,    32, FFFFFFFF ;4680 
_Rxed1                                  , 7000000000000000,    32, FFFFFFFF ;4 
_Rxed2                                  , 7000000400000000,    32, FFFFFFFF ;4 
_Rxed2a                                 , 7000000800000000,    32, FFFFFFFF ;4 
_Rxed3                                  , 7000000c00000000,    32, FFFFFFFF ;4 
_Rxed3a                                 , 7000001000000000,    32, FFFFFFFF ;4 
_Rxed3b                                 , 7000001400000000,    32, FFFFFFFF ;4 
_Rxed3c                                 , 7000001800000000,    32, FFFFFFFF ;4 
_Rxed3d                                 , 7000001c00000000,    32, FFFFFFFF ;4 
_Rxed4                                  , 7000002000000000,    32, FFFFFFFF ;4 
_Rxed4a                                 , 7000002400000000,    32, FFFFFFFF ;4 
_Rxed4b                                 , 7000002800000000,    32, FFFFFFFF ;4 
_Rxed4c                                 , 7000002c00000000,    32, FFFFFFFF ;4 
_ARP_timer_matured                      , 7000003000000000,    32, FFFFFFFF ;8 
_ARP_timer                              , 7000003800000000,    32, FFFFFFFF ;8 
_ARP_ticks                              , 7000004000000000,    32, FFFFFFFF ;8 
_Unique_IP_id                           , 7000004800000000,    32, FFFFFFFF ;8 
_pFirst_connection                      , 7000005000000000,    32, FFFFFFFF ;8 
_UDP_index                              , 7000005800000000,    32, FFFFFFFF ;2 
_UDP_connections                        , 7000005c00000000,    32, FFFFFFFF ;320 
_SPDSLane_m                             , 7000019c00000000,    32, FFFFFFFF ;4 
_MPT_SSStaleCounters_m                  , 700001a000000000,    32, FFFFFFFF ;7 
_CmdMsgFreshness_m                      , 700001a800000000,    32, FFFFFFFF ;7 
_StsMsgFreshness_m                      , 700001b000000000,    32, FFFFFFFF ;7 
_MPTnConfigRspCount_m                   , 700001b800000000,    32, FFFFFFFF ;7 
_MPTnAircraftRspCount_m                 , 700001c000000000,    32, FFFFFFFF ;7 
_MPTnCommandRspCount_m                  , 700001c800000000,    32, FFFFFFFF ;7 
_MPTnStatusRspCount_m                   , 700001d000000000,    32, FFFFFFFF ;7 
_SPDSLane_m                             , 700001d800000000,    32, FFFFFFFF ;4 
_LoadShedTableAddress_m                 , 700001dc00000000,    32, FFFFFFFF ;4 
_FTIAuthorised_m                        , 700001e000000000,    32, FFFFFFFF ;4 
_ESC_IPAddress_m                        , 700001e400000000,    32, FFFFFFFF ;4 
_MinorFrameCount_m                      , 700001e800000000,    32, FFFFFFFF ;1 
_MajorFrameCount_m                      , 700001ec00000000,    32, FFFFFFFF ;4 
_SysTime_m                              , 700001f000000000,    32, FFFFFFFF ;4 
_SSPCFrame_m                            , 700001f400000000,    32, FFFFFFFF ;4 
_MPTFrame_m                             , 700001f800000000,    32, FFFFFFFF ;4 
_CurrentFB3OutputLatchValue_m           , 700001fc00000000,    32, FFFFFFFF ;4 
_CurrentFB4OutputLatchValue_m           , 7000020000000000,    32, FFFFFFFF ;4 
_GPTTimerCallbacks_m                    , 7000020400000000,    32, FFFFFFFF ;8 
_SLTTimerCallbacks_m                    , 7000020c00000000,    32, FFFFFFFF ;4 
_es_master_source_ptr                   , 7000021000000000,    32, FFFFFFFF ;4 
_table_length                           , 7000021400000000,    32, FFFFFFFF ;4 
_page_count                             , 7000021800000000,    32, FFFFFFFF ;4 
_hw_table_index                         , 7000021c00000000,    32, FFFFFFFF ;2 
_page_index                             , 7000022000000000,    32, FFFFFFFF ;4 
_word_count                             , 7000022400000000,    32, FFFFFFFF ;4 
_PowerFailHandler_m                     , 7000022800000000,    32, FFFFFFFF ;4 
_CurrentFreshness_m                     , 7000022c00000000,    32, FFFFFFFF ;6 
_RxDataReadPointer_m                    , 7000023200000000,    32, FFFFFFFF ;1 
_current_es_mode                        , 7000023400000000,    32, FFFFFFFF ;4 
_es_status                              , 7000023800000000,    32, FFFFFFFF ;4 
_pvRx_buffer_descriptor                 , 7000023c00000000,    32, FFFFFFFF ;8 
_pvTx_buffer_descriptor                 , 7000024400000000,    32, FFFFFFFF ;8 
_Tx_BD_new_index                        , 7000024c00000000,    32, FFFFFFFF ;2 
_Tx_BD_old_index                        , 7000025000000000,    32, FFFFFFFF ;2 
_Rx_BD_index                            , 7000025400000000,    32, FFFFFFFF ;2 
_DMA_interrupt_level                    , 7000025600000000,    32, FFFFFFFF ;1 
_SLT0_interrupt_level                   , 7000025700000000,    32, FFFFFFFF ;1 
_pMCD_dma_bar                           , 7000025800000000,    32, FFFFFFFF ;4 
_pMCD_real_task_table                   , 7000025c00000000,    32, FFFFFFFF ;4 
_pMCD_model_task_table                  , 7000026000000000,    32, FFFFFFFF ;4 
_pMCD_Relocated_buffer_descriptors      , 7000026400000000,    32, FFFFFFFF ;4 
_Active_FEC                             , 7000026800000000,    32, FFFFFFFF ;1 
_pNetwork_UDP_RX_FIFO                   , 7000026c00000000,    32, FFFFFFFF ;8 
_pNetwork_IP_RX_FIFO                    , 7000027400000000,    32, FFFFFFFF ;8 
_pNetwork_ARP_RX_FIFO                   , 7000027c00000000,    32, FFFFFFFF ;8 
_pNetwork_API_RX_FIFO                   , 7000028400000000,    32, FFFFFFFF ;8 
_pNetwork_UDP_TX_FIFO                   , 7000028c00000000,    32, FFFFFFFF ;8 
_pNetwork_IP_TX_FIFO                    , 7000029400000000,    32, FFFFFFFF ;8 
_pNetwork_ETH_TX_FIFO                   , 7000029c00000000,    32, FFFFFFFF ;8 
_RIU_host_IP_address                    , 700002a400000000,    32, FFFFFFFF ;8 
_Local_broadcast_IP_address             , 700002ac00000000,    32, FFFFFFFF ;8 
_RIU_transmit_port                      , 700002b400000000,    32, FFFFFFFF ;4 
_RIU_listen_port                        , 700002b800000000,    32, FFFFFFFF ;4 
_MPTCommandMessageData_m                , 700002c000000000,    32, FFFFFFFF ;770 
_MPTStatusMessageData_m                 , 700005c400000000,    32, FFFFFFFF ;1568 
_MPTConfigMessageData_m                 , 70000be400000000,    32, FFFFFFFF ;581 
_MPTAircraftIDMessageData_m             , 70000e2c00000000,    32, FFFFFFFF ;168 
_VMSTxQueue_m                           , 70000ed400000000,    32, FFFFFFFF ;1024 
_VMSRxQueue_m                           , 700012d400000000,    32, FFFFFFFF ;1024 
_MPTStatusDataValidity_m                , 700016d400000000,    32, FFFFFFFF ;28 
_MPTStatusDataFreshness_m               , 700016f000000000,    32, FFFFFFFF ;28 
_MPTConfigDataValidity_m                , 7000170c00000000,    32, FFFFFFFF ;28 
_MPTBusVoltageInfo_m                    , 7000172800000000,    32, FFFFFFFF ;112 
_InitDone_m                             , 7000179800000000,    32, FFFFFFFF ;28 
_PendingAIDRequest_m                    , 700017b400000000,    32, FFFFFFFF ;28 
_SwitchCommands_m                       , 700017d000000000,    32, FFFFFFFF ;272 
_CollarCommands_m                       , 700018e000000000,    32, FFFFFFFF ;1088 
_PullCommands_m                         , 70001d2000000000,    32, FFFFFFFF ;272 
_ResetCommands_m                        , 70001e3000000000,    32, FFFFFFFF ;272 
_LoadShedFlags_m                        , 70001f4000000000,    32, FFFFFFFF ;1088 
_OwnLaneSSPCStatus_m                    , 7000238000000000,    32, FFFFFFFF ;6528 
_OtherLaneSSPCStatus_m                  , 70003d0000000000,    32, FFFFFFFF ;6528 
_SSPC_SSStaleCounters_m                 , 7000568000000000,    32, FFFFFFFF ;272 
_SessionParams_m                        , 7000579000000000,    32, FFFFFFFF ;624 
_MPT_AID_Set_m                          , 70005a0000000000,    32, FFFFFFFF ;28 
_InterfaceConfigs_m                     , 70005a1c00000000,    32, FFFFFFFF ;216 
_StatusWords_m                          , 70005af400000000,    32, FFFFFFFF ;36 
_ConfigWords_m                          , 70005b1800000000,    32, FFFFFFFF ;60 
_SubFrmLengths_m                        , 70005b5400000000,    32, FFFFFFFF ;36 
_BufferDescriptor_m                     , 70005b7800000000,    32, FFFFFFFF ;48 
_TxFIFO_m                               , 70005ba800000000,    32, FFFFFFFF ;4572 
_RxFIFO_m                               , 70006d8400000000,    32, FFFFFFFF ;4572 
_FirstTimeDone_m                        , 70007f6000000000,    32, FFFFFFFF ;12 
_LastRxStatus_m                         , 70007f6c00000000,    32, FFFFFFFF ;12 
_VMSDescriptors_m                       , 70007f7800000000,    32, FFFFFFFF ;96 
_VMSState_m                             , 70007fd800000000,    32, FFFFFFFF ;16 
_FIFOs_m                                , 70007fe800000000,    32, FFFFFFFF ;420 
_RxSourceIPAddresses_m                  , 7000818c00000000,    32, FFFFFFFF ;40 
_RxSourceUDPPorts_m                     , 700081b400000000,    32, FFFFFFFF ;20 
_RxDestUDPPorts_m                       , 700081c800000000,    32, FFFFFFFF ;20 
_ARP_table                              , 700081dc00000000,    32, FFFFFFFF ;768 
_RIU_channel_MAC_address                , 700084dc00000000,    32, FFFFFFFF ;12 
_core_fault_record                      , 700084e800000000,    32, FFFFFFFF ;16 
_DMA_channel                            , 700084f800000000,    32, FFFFFFFF ;128 
_Used_requestors                        , 7000857800000000,    32, FFFFFFFF ;32 
_Unaligned_Rx_BD_store                  , 7000859800000000,    32, FFFFFFFF ;144 
_Unaligned_Tx_BD_store                  , 7000862800000000,    32, FFFFFFFF ;80 
_MCD_singleBufDescs                     , 7000867800000000,    32, FFFFFFFF ;32 
_MCD_contextSave0                       , 7000869800000000,    32, FFFFFFFF ;512 
_MCD_contextSave1                       , 7000889800000000,    32, FFFFFFFF ;512 
_MCD_contextSave2                       , 70008a9800000000,    32, FFFFFFFF ;512 
_MCD_contextSave3                       , 70008c9800000000,    32, FFFFFFFF ;512 
_MCD_contextSave4                       , 70008e9800000000,    32, FFFFFFFF ;512 
_MCD_contextSave5                       , 7000909800000000,    32, FFFFFFFF ;512 
_MCD_contextSave6                       , 7000929800000000,    32, FFFFFFFF ;512 
_MCD_contextSave7                       , 7000949800000000,    32, FFFFFFFF ;512 
_MCD_contextSave8                       , 7000969800000000,    32, FFFFFFFF ;512 
_MCD_contextSave9                       , 7000989800000000,    32, FFFFFFFF ;512 
_MCD_contextSave10                      , 70009a9800000000,    32, FFFFFFFF ;512 
_MCD_contextSave11                      , 70009c9800000000,    32, FFFFFFFF ;512 
_MCD_contextSave12                      , 70009e9800000000,    32, FFFFFFFF ;512 
_MCD_contextSave13                      , 7000a09800000000,    32, FFFFFFFF ;512 
_MCD_contextSave14                      , 7000a29800000000,    32, FFFFFFFF ;512 
_MCD_contextSave15                      , 7000a49800000000,    32, FFFFFFFF ;512 
_Net_buffer_queue                       , 7000a69800000000,    32, FFFFFFFF ;48 
_Network_buffers                        , 7000a6c800000000,    32, FFFFFFFF ;1344 
_Unaligned_data_buffers                 , 7000ac0800000000,    32, FFFFFFFF ;98336 
